1,Mace,Cowland,mcowland0,mcowland0@examiner.com,LlgSlo,2017-08-12 00:36:12,2017-08-12 20:10:39
2,Ingrim,Branscomb,ibranscomb1,ibranscomb1@cbslocal.com,rUMLuD,2017-07-01 12:18:42,2017-08-23 03:39:36
3,Bordy,Mungham,bmungham2,bmungham2@indiegogo.com,GZnoNWNsfCeT,2017-11-16 17:24:37,2017-11-30 20:58:19
4,Rorke,Wingeat,rwingeat3,rwingeat3@miitbeian.gov.cn,RdDlMrqQ,2018-02-20 15:13:46,2017-12-24 08:51:55
5,Roddie,Murgatroyd,rmurgatroyd4,rmurgatroyd4@noaa.gov,BWXY3f,2017-08-16 02:13:39,2018-03-10 19:28:01
6,Brad,Granleese,bgranleese5,bgranleese5@amazonaws.com,rlbDe6Jc,2018-05-04 12:54:13,2018-04-11 09:15:58
7,Burt,Dewey,bdewey6,bdewey6@weebly.com,Ozicnq6CN,2017-11-28 04:18:30,2017-06-26 03:40:55
8,Jared,Taynton,jtaynton7,jtaynton7@timesonline.co.uk,yTkbEz3bc,2017-07-18 11:47:43,2017-10-12 17:51:01
9,Walsh,Armell,warmell8,warmell8@plala.or.jp,sReeiVqqzoeP,2018-01-30 03:08:40,2018-04-16 00:04:27
10,Edouard,Edlestone,eedlestone9,eedlestone9@behance.net,enfcxKhrldn0,2017-05-17 04:38:14,2018-03-07 08:11:20
11,Bertrando,Wilcock,bwilcocka,bwilcocka@thetimes.co.uk,RmQF8aRTZKnM,2018-03-19 13:07:20,2018-05-12 20:30:29
12,Graham,Edgerley,gedgerleyb,gedgerleyb@howstuffworks.com,SrX3Hb,2017-12-08 16:47:17,2017-10-21 01:21:16
13,Perkin,Garrow,pgarrowc,pgarrowc@privacy.gov.au,bO9KMiPO3,2017-10-21 21:09:40,2017-11-04 02:35:09
14,Abbie,Hooks,ahooksd,ahooksd@illinois.edu,vdv1z8,2017-10-21 06:08:43,2017-11-14 18:07:04
15,Thadeus,Mawdsley,tmawdsleye,tmawdsleye@army.mil,hwhYz7,2017-12-11 19:20:20,2017-06-28 03:33:51
16,Garrik,Treleaven,gtreleavenf,gtreleavenf@merriam-webster.com,2TNLBU4f069,2017-10-04 23:31:24,2017-06-04 16:43:15
17,Adham,Allebone,aalleboneg,aalleboneg@yahoo.com,lS0rNw0wPWrp,2017-07-31 19:41:07,2017-10-09 14:21:27
18,Orran,Alesbrook,oalesbrookh,oalesbrookh@ucoz.ru,F0vU3x4,2018-05-13 07:28:09,2018-01-03 19:40:04
19,Roy,Astridge,rastridgei,rastridgei@soup.io,y5Y2zD,2017-05-22 22:20:11,2018-01-09 10:12:46
20,Matthaeus,Gobbet,mgobbetj,mgobbetj@jalbum.net,XoEZVHE5,2018-04-27 05:54:44,2017-05-31 04:44:43
21,Felipe,Killough,fkilloughk,fkilloughk@ezinearticles.com,Q5h0l6,2017-12-24 05:36:24,2018-01-06 09:20:05
22,Burlie,Abby,babbyl,babbyl@noaa.gov,CudYlX,2017-08-01 12:23:22,2017-08-06 03:34:06
23,Quillan,Hansmann,qhansmannm,qhansmannm@list-manage.com,gBO7gBLmtB,2017-05-29 15:26:25,2017-11-13 23:59:43
24,Brook,Brooks,bbrooksn,bbrooksn@google.es,uNWnwg,2017-10-02 01:49:05,2018-01-29 08:00:16
25,Martin,Hatwell,mhatwello,mhatwello@bloomberg.com,eFtJOA,2017-07-28 16:30:15,2017-11-12 19:30:04
26,Erie,Bramford,ebramfordp,ebramfordp@cbsnews.com,7NNplXQ,2017-07-13 03:52:56,2017-12-19 04:49:29
27,Artemas,Whitecross,awhitecrossq,awhitecrossq@blogspot.com,7aO3Cuvir6p,2017-07-14 22:08:01,2017-09-10 13:26:29
28,Brucie,Kiwitz,bkiwitzr,bkiwitzr@java.com,vi8F6v2,2017-06-19 00:39:57,2017-09-10 01:08:47
29,Walther,Lowres,wlowress,wlowress@wikipedia.org,Iyq7q56i,2018-02-10 01:00:02,2018-03-03 15:04:28
30,Stacee,Petrolli,spetrollit,spetrollit@utexas.edu,69NhqTj5cu,2018-01-07 15:30:53,2017-07-26 01:11:10
